{
  "lang":"fr",
  "name":"pipeline",
  "version":"0.0.0",
  "spacy_version":">=3.8.5,<3.9.0",
  "description":"",
  "author":"",
  "email":"",
  "url":"",
  "license":"",
  "spacy_git_version":"d0c705c",
  "vectors":{
    "width":0,
    "vectors":0,
    "keys":0,
    "name":null,
    "mode":"default"
  },
  "labels":{
    "ner":[
      "CENTRE D'INTERET",
      "CERTIFICAT",
      "COMPETENCE",
      "EMAIL",
      "EXPERIENCE",
      "FORMATION",
      "LANGUE",
      "NOM",
      "PRENOM",
      "PROFIL",
      "SOFT SKILLS",
      "TELEPHONE"
    ]
  },
  "pipeline":[
    "ner"
  ],
  "components":[
    "ner"
  ],
  "disabled":[

  ]
}